Image_ID,Class
train0.jpg,0
train1.jpg,0
train2.jpg,0
train3.jpg,0
train4.jpg,0
train5.jpg,0
train6.jpg,0
train7.jpg,0
train8.jpg,0
train9.jpg,0
train10.jpg,0
train11.jpg,0
train12.jpg,0
train13.jpg,0
train14.jpg,0
train15.jpg,0
train16.jpg,0
train17.jpg,1
train18.jpg,1
train19.jpg,1
train20.jpg,1
train21.jpg,1
train22.jpg,1
train23.jpg,0
train24.jpg,0
train25.jpg,0
train26.jpg,0
train27.jpg,0
train28.jpg,0
train29.jpg,0
train30.jpg,0
train31.jpg,0
train32.jpg,0
train33.jpg,0
train34.jpg,0
train35.jpg,1
train36.jpg,0
train37.jpg,2
train38.jpg,2
train39.jpg,0
train40.jpg,0
train41.jpg,0
train42.jpg,0
train43.jpg,0
train44.jpg,0
train45.jpg,0
train46.jpg,0
train47.jpg,0
train48.jpg,0
train49.jpg,0
train50.jpg,0
train51.jpg,0
train52.jpg,0
train53.jpg,0
train54.jpg,0
train55.jpg,0
train56.jpg,0
train57.jpg,0
train58.jpg,0
train59.jpg,1
train60.jpg,0
train61.jpg,0
train62.jpg,0
train63.jpg,0
train64.jpg,0
train65.jpg,0
train66.jpg,0
train67.jpg,0
train68.jpg,0
train69.jpg,0
train70.jpg,0
train71.jpg,0
train72.jpg,0
train73.jpg,0
train74.jpg,0
train75.jpg,0
train76.jpg,0
train77.jpg,0
train78.jpg,0
train79.jpg,0
train80.jpg,0
train81.jpg,0
train82.jpg,0
train83.jpg,0
train84.jpg,0
train85.jpg,0
train86.jpg,0
train87.jpg,0
train88.jpg,0
train89.jpg,0
train90.jpg,0
train91.jpg,0
train92.jpg,0
train93.jpg,0
train94.jpg,0
train95.jpg,0
train96.jpg,0
train97.jpg,0
train98.jpg,0
train99.jpg,0
train100.jpg,0
train101.jpg,0
train102.jpg,1
train103.jpg,1
train104.jpg,1
train105.jpg,1
train106.jpg,0
train107.jpg,0
train108.jpg,0
train109.jpg,0
train110.jpg,0
train111.jpg,0
train112.jpg,0
train113.jpg,0
train114.jpg,0
train115.jpg,0
train116.jpg,0
train117.jpg,0
train118.jpg,0
train119.jpg,0
train120.jpg,0
train121.jpg,0
train122.jpg,0
train123.jpg,0
train124.jpg,0
train125.jpg,0
train126.jpg,0
train127.jpg,0
train128.jpg,0
train129.jpg,1
train130.jpg,1
train131.jpg,1
train132.jpg,1
train133.jpg,1
train134.jpg,1
train135.jpg,1
train136.jpg,1
train137.jpg,1
train138.jpg,1
train139.jpg,1
train140.jpg,1
train141.jpg,0
train142.jpg,0
train143.jpg,0
train144.jpg,0
train145.jpg,0
train146.jpg,1
train147.jpg,1
train148.jpg,1
train149.jpg,0
train150.jpg,0
train151.jpg,0
train152.jpg,0
train153.jpg,0
train154.jpg,0
train155.jpg,0
train156.jpg,0
train157.jpg,0
train158.jpg,0
train159.jpg,0
train160.jpg,0
train161.jpg,0
train162.jpg,0
train163.jpg,0
train164.jpg,0
train165.jpg,0
train166.jpg,0
train167.jpg,0
train168.jpg,0
train169.jpg,0
train170.jpg,0
train171.jpg,0
train172.jpg,0
train173.jpg,0
train174.jpg,0
train175.jpg,0
train176.jpg,0
train177.jpg,0
train178.jpg,0
train179.jpg,0
train180.jpg,0
train181.jpg,0
train182.jpg,0
train183.jpg,0
train184.jpg,0
train185.jpg,0
train186.jpg,0
train187.jpg,0
train188.jpg,2
train189.jpg,0
train190.jpg,0
train191.jpg,0
train192.jpg,0
train193.jpg,0
train194.jpg,0
train195.jpg,0
train196.jpg,0
train197.jpg,0
train198.jpg,0
train199.jpg,0
train200.jpg,0
train201.jpg,0
train202.jpg,0
train203.jpg,0
train204.jpg,0
train205.jpg,0
train206.jpg,0
train207.jpg,0
train208.jpg,0
train209.jpg,0
train210.jpg,0
train211.jpg,0
train212.jpg,0
train213.jpg,0
train214.jpg,0
train215.jpg,1
train216.jpg,1
train217.jpg,1
train218.jpg,1
train219.jpg,1
train220.jpg,0
train221.jpg,0
train222.jpg,1
train223.jpg,1
train224.jpg,1
train225.jpg,1
train226.jpg,1
train227.jpg,1
train228.jpg,1
train229.jpg,1
train230.jpg,0
train231.jpg,0
train232.jpg,0
train233.jpg,1
train234.jpg,1
train235.jpg,1
train236.jpg,1
train237.jpg,1
train238.jpg,1
train239.jpg,1
train240.jpg,1
train241.jpg,1
train242.jpg,1
train243.jpg,1
train244.jpg,0
train245.jpg,0
train246.jpg,0
train247.jpg,0
train248.jpg,0
train249.jpg,0
train250.jpg,0
train251.jpg,0
train252.jpg,0
train253.jpg,0
train254.jpg,0
train255.jpg,0
train256.jpg,0
train257.jpg,0
train258.jpg,0
train259.jpg,0
train260.jpg,0
train261.jpg,0
train262.jpg,0
train263.jpg,0
train264.jpg,0
train265.jpg,0
train266.jpg,0
train267.jpg,0
train268.jpg,0
train269.jpg,0
train270.jpg,0
train271.jpg,0
train272.jpg,0
train273.jpg,0
train274.jpg,0
train275.jpg,0
train276.jpg,0
train277.jpg,0
train278.jpg,0
train279.jpg,0
train280.jpg,0
train281.jpg,0
train282.jpg,0
train283.jpg,0
train284.jpg,0
train285.jpg,0
train286.jpg,0
train287.jpg,0
train288.jpg,0
train289.jpg,0
train290.jpg,0
train291.jpg,0
train292.jpg,0
train293.jpg,0
train294.jpg,0
train295.jpg,0
train296.jpg,0
train297.jpg,0
train298.jpg,0
train299.jpg,0
train300.jpg,0
train301.jpg,0
train302.jpg,0
train303.jpg,0
train304.jpg,0
train305.jpg,0
train306.jpg,0
train307.jpg,0
train308.jpg,0
train309.jpg,0
train310.jpg,0
train311.jpg,0
train312.jpg,0
train313.jpg,0
train314.jpg,0
train315.jpg,0
train316.jpg,0
train317.jpg,0
train318.jpg,0
train319.jpg,0
train320.jpg,0
train321.jpg,0
train322.jpg,0
train323.jpg,0
train324.jpg,0
train325.jpg,0
train326.jpg,0
train327.jpg,0
train328.jpg,0
train329.jpg,0
train330.jpg,0
train331.jpg,0
train332.jpg,0
train333.jpg,0
train334.jpg,0
train335.jpg,0
train336.jpg,0
train337.jpg,0
train338.jpg,0
train339.jpg,0
train340.jpg,0
train341.jpg,0
train342.jpg,0
train343.jpg,0
train344.jpg,0
train345.jpg,0
train346.jpg,0
train347.jpg,2
train348.jpg,2
train349.jpg,2
train350.jpg,2
train351.jpg,0
train352.jpg,0
train353.jpg,0
train354.jpg,0
train355.jpg,0
train356.jpg,0
train357.jpg,0
train358.jpg,0
train359.jpg,0
train360.jpg,1
train361.jpg,1
train362.jpg,1
train363.jpg,1
train364.jpg,1
train365.jpg,0
train366.jpg,0
train367.jpg,0
train368.jpg,1
train369.jpg,1
train370.jpg,1
train371.jpg,1
train372.jpg,1
train373.jpg,1
train374.jpg,0
train375.jpg,0
train376.jpg,0
train377.jpg,0
train378.jpg,0
train379.jpg,0
train380.jpg,0
train381.jpg,0
train382.jpg,0
train383.jpg,0
train384.jpg,0
train385.jpg,0
train386.jpg,0
train387.jpg,0
train388.jpg,0
train389.jpg,1
train390.jpg,0
train391.jpg,0
train392.jpg,0
train393.jpg,0
train394.jpg,0
train395.jpg,0
train396.jpg,0
train397.jpg,0
train398.jpg,0
train399.jpg,0
train400.jpg,0
train401.jpg,0
train402.jpg,0
train403.jpg,0
train404.jpg,0
train405.jpg,0
train406.jpg,2
train407.jpg,2
train408.jpg,0
train409.jpg,0
train410.jpg,0
train411.jpg,0
train412.jpg,0
train413.jpg,0
train414.jpg,0
train415.jpg,0
train416.jpg,0
train417.jpg,0
train418.jpg,0
train419.jpg,0
train420.jpg,0
train421.jpg,0
train422.jpg,0
train423.jpg,0
train424.jpg,0
train425.jpg,0
train426.jpg,0
train427.jpg,0
train428.jpg,0
train429.jpg,0
train430.jpg,0
train431.jpg,0
train432.jpg,0
train433.jpg,0
train434.jpg,0
train435.jpg,0
train436.jpg,0
train437.jpg,0
train438.jpg,0
train439.jpg,0
train440.jpg,0
train441.jpg,0
train442.jpg,0
train443.jpg,0
train444.jpg,0
train445.jpg,0
train446.jpg,0
train447.jpg,0
train448.jpg,1
train449.jpg,1
train450.jpg,1
train451.jpg,1
train452.jpg,0
train453.jpg,0
train454.jpg,0
train455.jpg,0
train456.jpg,0
train457.jpg,0
train458.jpg,0
train459.jpg,0
train460.jpg,0
train461.jpg,0
train462.jpg,0
train463.jpg,0
train464.jpg,0
train465.jpg,0
train466.jpg,0
train467.jpg,0
train468.jpg,0
train469.jpg,0
train470.jpg,0
train471.jpg,0
train472.jpg,0
train473.jpg,0
train474.jpg,0
train475.jpg,0
train476.jpg,0
train477.jpg,0
train478.jpg,0
train479.jpg,0
train480.jpg,0
train481.jpg,0
train482.jpg,0
train483.jpg,0
train484.jpg,0
train485.jpg,0
train486.jpg,0
train487.jpg,0
train488.jpg,0
train489.jpg,0
train490.jpg,0
train491.jpg,0
train492.jpg,0
train493.jpg,0
train494.jpg,0
train495.jpg,0
train496.jpg,0
train497.jpg,0
train498.jpg,0
train499.jpg,0
train500.jpg,0
train501.jpg,0
train502.jpg,1
train503.jpg,1
train504.jpg,0
train505.jpg,0
train506.jpg,0
train507.jpg,0
train508.jpg,0
train509.jpg,0
train510.jpg,0
train511.jpg,0
train512.jpg,0
train513.jpg,0
train514.jpg,0
train515.jpg,0
train516.jpg,0
train517.jpg,0
train518.jpg,0
train519.jpg,0
train520.jpg,1
train521.jpg,1
train522.jpg,1
train523.jpg,1
train524.jpg,1
train525.jpg,1
train526.jpg,1
train527.jpg,2
train528.jpg,2
train529.jpg,0
train530.jpg,0
train531.jpg,0
train532.jpg,0
train533.jpg,0
train534.jpg,0
train535.jpg,1
train536.jpg,1
train537.jpg,1
train538.jpg,1
train539.jpg,1
train540.jpg,1
train541.jpg,1
train542.jpg,1
train543.jpg,1
train544.jpg,0
train545.jpg,0
train546.jpg,0
train547.jpg,0
train548.jpg,0
train549.jpg,0
train550.jpg,0
train551.jpg,0
train552.jpg,0
train553.jpg,0
train554.jpg,0
train555.jpg,0
train556.jpg,0
train557.jpg,0
train558.jpg,0
train559.jpg,0
train560.jpg,0
train561.jpg,0
train562.jpg,0
train563.jpg,0
train564.jpg,0
train565.jpg,0
train566.jpg,0
train567.jpg,0
train568.jpg,0
train569.jpg,0
train570.jpg,0
train571.jpg,0
train572.jpg,0
train573.jpg,0
train574.jpg,0
train575.jpg,0
train576.jpg,0
train577.jpg,0
train578.jpg,0
train579.jpg,0
train580.jpg,0
train581.jpg,0
train582.jpg,0
train583.jpg,0
train584.jpg,0
train585.jpg,0
train586.jpg,0
train587.jpg,0
train588.jpg,1
train589.jpg,1
train590.jpg,1
train591.jpg,0
train592.jpg,0
train593.jpg,0
train594.jpg,0
train595.jpg,0
train596.jpg,0
train597.jpg,0
train598.jpg,0
train599.jpg,0
train600.jpg,0
train601.jpg,1
train602.jpg,1
train603.jpg,1
train604.jpg,1
train605.jpg,1
train606.jpg,1
train607.jpg,1
train608.jpg,1
train609.jpg,0
train610.jpg,0
train611.jpg,0
train612.jpg,0
train613.jpg,0
train614.jpg,0
train615.jpg,0
train616.jpg,0
train617.jpg,0
train618.jpg,0
train619.jpg,0
train620.jpg,0
train621.jpg,0
train622.jpg,0
train623.jpg,0
train624.jpg,0
train625.jpg,0
train626.jpg,0
train627.jpg,0
train628.jpg,0
train629.jpg,0
train630.jpg,0
train631.jpg,0
train632.jpg,0
train633.jpg,0
train634.jpg,0
train635.jpg,0
train636.jpg,0
train637.jpg,0
train638.jpg,0
train639.jpg,0
train640.jpg,0
train641.jpg,0
train642.jpg,0
train643.jpg,0
train644.jpg,0
train645.jpg,0
train646.jpg,0
train647.jpg,0
train648.jpg,0
train649.jpg,0
train650.jpg,0
train651.jpg,0
train652.jpg,0
train653.jpg,0
train654.jpg,0
train655.jpg,0
train656.jpg,0
train657.jpg,0
train658.jpg,0
train659.jpg,2
train660.jpg,2
train661.jpg,2
train662.jpg,2
train663.jpg,0
train664.jpg,0
train665.jpg,0
train666.jpg,0
train667.jpg,0
train668.jpg,0
train669.jpg,0
train670.jpg,1
train671.jpg,1
train672.jpg,1
train673.jpg,1
train674.jpg,0
train675.jpg,0
train676.jpg,0
train677.jpg,0
train678.jpg,0
train679.jpg,0
train680.jpg,0